<?xml version="1.0" encoding="utf-8" ?>
<dwsync>
<file name="line-icons.css" server="C:/wamp/www/GeoCoinMine/" local="131212849140000000" remote="131212849140000000" Dst="-1" />
<file name="bootstrap.min.css" server="C:/wamp/www/GeoCoinMine/" local="131212849140000000" remote="131212849140000000" Dst="-1" />
<file name="bootstrap-theme.css" server="C:/wamp/www/GeoCoinMine/" local="131212849140000000" remote="131212849140000000" Dst="-1" />
<file name="elegant-icons-style.css" server="C:/wamp/www/GeoCoinMine/" local="131212849140000000" remote="131212849140000000" Dst="-1" />
<file name="font-awesome.min.css" server="C:/wamp/www/GeoCoinMine/" local="131212849140000000" remote="131212849140000000" Dst="-1" />
<file name="owl.carousel.css" server="C:/wamp/www/GeoCoinMine/" local="131212849140000000" remote="131212849140000000" Dst="-1" />
<file name="jquery-jvectormap-1.2.2.css" server="C:/wamp/www/GeoCoinMine/" local="131212849140000000" remote="131212849140000000" Dst="-1" />
<file name="fullcalendar.css" server="C:/wamp/www/GeoCoinMine/" local="131212849140000000" remote="131212849140000000" Dst="-1" />
<file name="widgets.css" server="C:/wamp/www/GeoCoinMine/" local="131212849140000000" remote="131212849140000000" Dst="-1" />
<file name="style.css" server="C:/wamp/www/GeoCoinMine/" local="131212849140000000" remote="131212849140000000" Dst="-1" />
<file name="style-responsive.css" server="C:/wamp/www/GeoCoinMine/" local="131212849140000000" remote="131212849140000000" Dst="-1" />
<file name="xcharts.min.css" server="C:/wamp/www/GeoCoinMine/" local="131212849140000000" remote="131212849140000000" Dst="-1" />
<file name="jquery-ui-1.10.4.min.css" server="C:/wamp/www/GeoCoinMine/" local="131212849140000000" remote="131212849140000000" Dst="-1" />
<file name="line-icons.css" server="C:/wamp/www/BTCvedan/" local="131212597140000000" remote="131212597140000000" Dst="0" />
<file name="bootstrap.min.css" server="C:/wamp/www/BTCvedan/" local="131212597140000000" remote="131212597140000000" Dst="0" />
<file name="bootstrap-theme.css" server="C:/wamp/www/BTCvedan/" local="131212597140000000" remote="131212597140000000" Dst="0" />
<file name="elegant-icons-style.css" server="C:/wamp/www/BTCvedan/" local="131212597140000000" remote="131212597140000000" Dst="0" />
<file name="font-awesome.min.css" server="C:/wamp/www/BTCvedan/" local="131212597140000000" remote="131212597140000000" Dst="0" />
<file name="jquery-jvectormap-1.2.2.css" server="C:/wamp/www/BTCvedan/" local="131212597140000000" remote="131212597140000000" Dst="0" />
<file name="style.css" server="C:/wamp/www/BTCvedan/" local="131212597140000000" remote="131212597140000000" Dst="0" />
<file name="style-responsive.css" server="C:/wamp/www/BTCvedan/" local="131212597140000000" remote="131212597140000000" Dst="0" />
<file name="jquery-ui-1.10.4.min.css" server="C:/wamp/www/BTCvedan/" local="131212597140000000" remote="131212597140000000" Dst="0" />
<file name="bootstrap.min.css" server="C:/wamp/www/ACADmovi/" local="131212597140000000" remote="131212597140000000" Dst="0" />
<file name="bootstrap-theme.css" server="C:/wamp/www/ACADmovi/" local="131212597140000000" remote="131212597140000000" Dst="0" />
<file name="elegant-icons-style.css" server="C:/wamp/www/ACADmovi/" local="131212597140000000" remote="131212597140000000" Dst="0" />
<file name="font-awesome.min.css" server="C:/wamp/www/ACADmovi/" local="131212597140000000" remote="131212597140000000" Dst="0" />
<file name="jquery-jvectormap-1.2.2.css" server="C:/wamp/www/ACADmovi/" local="131212597140000000" remote="131212597140000000" Dst="0" />
<file name="line-icons.css" server="C:/wamp/www/ACADmovi/" local="131212597140000000" remote="131212597140000000" Dst="0" />
<file name="style.css" server="C:/wamp/www/ACADmovi/" local="131212597140000000" remote="131212597140000000" Dst="0" />
<file name="style-responsive.css" server="C:/wamp/www/ACADmovi/" local="131212597140000000" remote="131212597140000000" Dst="0" />
<file name="jquery-ui-1.10.4.min.css" server="C:/wamp/www/ACADmovi/" local="131212597140000000" remote="131212597140000000" Dst="0" />
<file name="bootstrap.min.css" server="C:/wamp/www/ALPHA-PACK/" local="131212597140000000" remote="131212597140000000" Dst="0" />
<file name="bootstrap-theme.css" server="C:/wamp/www/ALPHA-PACK/" local="131212597140000000" remote="131212597140000000" Dst="0" />
<file name="elegant-icons-style.css" server="C:/wamp/www/ALPHA-PACK/" local="131212597140000000" remote="131212597140000000" Dst="0" />
<file name="font-awesome.min.css" server="C:/wamp/www/ALPHA-PACK/" local="131212597140000000" remote="131212597140000000" Dst="0" />
<file name="jquery-jvectormap-1.2.2.css" server="C:/wamp/www/ALPHA-PACK/" local="131212597140000000" remote="131212597140000000" Dst="0" />
<file name="line-icons.css" server="C:/wamp/www/ALPHA-PACK/" local="131212597140000000" remote="131212597140000000" Dst="0" />
<file name="style.css" server="C:/wamp/www/ALPHA-PACK/" local="131212597140000000" remote="131212597140000000" Dst="0" />
<file name="style-responsive.css" server="C:/wamp/www/ALPHA-PACK/" local="131212597140000000" remote="131212597140000000" Dst="0" />
<file name="jquery-ui-1.10.4.min.css" server="C:/wamp/www/ALPHA-PACK/" local="131212597140000000" remote="131212597140000000" Dst="0" />
<file name="bootstrap.min.css" server="C:/wamp/www/AlMON-PACK/" local="131212597140000000" remote="131212597140000000" Dst="0" />
<file name="bootstrap-theme.css" server="C:/wamp/www/AlMON-PACK/" local="131212597140000000" remote="131212597140000000" Dst="0" />
<file name="elegant-icons-style.css" server="C:/wamp/www/AlMON-PACK/" local="131212597140000000" remote="131212597140000000" Dst="0" />
<file name="font-awesome.min.css" server="C:/wamp/www/AlMON-PACK/" local="131212597140000000" remote="131212597140000000" Dst="0" />
<file name="jquery-jvectormap-1.2.2.css" server="C:/wamp/www/AlMON-PACK/" local="131212597140000000" remote="131212597140000000" Dst="0" />
<file name="line-icons.css" server="C:/wamp/www/AlMON-PACK/" local="131212597140000000" remote="131212597140000000" Dst="0" />
<file name="style.css" server="C:/wamp/www/AlMON-PACK/" local="131212597140000000" remote="131212597140000000" Dst="0" />
<file name="style-responsive.css" server="C:/wamp/www/AlMON-PACK/" local="131212597140000000" remote="131212597140000000" Dst="0" />
<file name="jquery-ui-1.10.4.min.css" server="C:/wamp/www/AlMON-PACK/" local="131212597140000000" remote="131212597140000000" Dst="0" />
<file name="line-icons.css" server="C:/wamp/www/AFPET_PACK/" local="131212597140000000" remote="131212597140000000" Dst="1" />
<file name="bootstrap.min.css" server="C:/wamp/www/AFPET_PACK/" local="131212597140000000" remote="131212597140000000" Dst="1" />
<file name="bootstrap-theme.css" server="C:/wamp/www/AFPET_PACK/" local="131212597140000000" remote="131212597140000000" Dst="1" />
<file name="elegant-icons-style.css" server="C:/wamp/www/AFPET_PACK/" local="131212597140000000" remote="131212597140000000" Dst="1" />
<file name="font-awesome.min.css" server="C:/wamp/www/AFPET_PACK/" local="131212597140000000" remote="131212597140000000" Dst="1" />
<file name="jquery-jvectormap-1.2.2.css" server="C:/wamp/www/AFPET_PACK/" local="131212597140000000" remote="131212597140000000" Dst="1" />
<file name="style.css" server="C:/wamp/www/AFPET_PACK/" local="131212597140000000" remote="131212597140000000" Dst="1" />
<file name="style-responsive.css" server="C:/wamp/www/AFPET_PACK/" local="131212597140000000" remote="131212597140000000" Dst="1" />
<file name="jquery-ui-1.10.4.min.css" server="C:/wamp/www/AFPET_PACK/" local="131212597140000000" remote="131212597140000000" Dst="1" />
<file name="line-icons.css" server="C:/wamp/www/MUZI-PACK/" local="131212669140000000" remote="131212669140000000" Dst="0" />
<file name="bootstrap.min.css" server="C:/wamp/www/MUZI-PACK/" local="131212669140000000" remote="131212669140000000" Dst="0" />
<file name="bootstrap-theme.css" server="C:/wamp/www/MUZI-PACK/" local="131212669140000000" remote="131212669140000000" Dst="0" />
<file name="elegant-icons-style.css" server="C:/wamp/www/MUZI-PACK/" local="131212669140000000" remote="131212669140000000" Dst="0" />
<file name="font-awesome.min.css" server="C:/wamp/www/MUZI-PACK/" local="131212669140000000" remote="131212669140000000" Dst="0" />
<file name="jquery-jvectormap-1.2.2.css" server="C:/wamp/www/MUZI-PACK/" local="131212669140000000" remote="131212669140000000" Dst="0" />
<file name="style.css" server="C:/wamp/www/MUZI-PACK/" local="131212669140000000" remote="131212669140000000" Dst="0" />
<file name="style-responsive.css" server="C:/wamp/www/MUZI-PACK/" local="131212669140000000" remote="131212669140000000" Dst="0" />
<file name="jquery-ui-1.10.4.min.css" server="C:/wamp/www/MUZI-PACK/" local="131212669140000000" remote="131212669140000000" Dst="0" />
<file name="line-icons.css" server="C:/wamp/www/2020FEAST/" local="131212669140000000" remote="131212669140000000" Dst="0" />
<file name="bootstrap.min.css" server="C:/wamp/www/2020FEAST/" local="131212669140000000" remote="131212669140000000" Dst="0" />
<file name="bootstrap-theme.css" server="C:/wamp/www/2020FEAST/" local="131212669140000000" remote="131212669140000000" Dst="0" />
<file name="elegant-icons-style.css" server="C:/wamp/www/2020FEAST/" local="131212669140000000" remote="131212669140000000" Dst="0" />
<file name="font-awesome.min.css" server="C:/wamp/www/2020FEAST/" local="131212669140000000" remote="131212669140000000" Dst="0" />
<file name="jquery-jvectormap-1.2.2.css" server="C:/wamp/www/2020FEAST/" local="131212669140000000" remote="131212669140000000" Dst="0" />
<file name="style.css" server="C:/wamp/www/2020FEAST/" local="131212669140000000" remote="131212669140000000" Dst="0" />
<file name="style-responsive.css" server="C:/wamp/www/2020FEAST/" local="131212669140000000" remote="131212669140000000" Dst="0" />
<file name="jquery-ui-1.10.4.min.css" server="C:/wamp/www/2020FEAST/" local="131212669140000000" remote="131212669140000000" Dst="0" />
</dwsync>